bids_name	aor	aqi	dummy_trs	dvars_nstd	dvars_std	dvars_vstd	efc	fber	fd_mean	fd_num	fd_perc	fwhm_avg	fwhm_x	fwhm_y	fwhm_z	gcor	gsr_x	gsr_y	size_t	size_x	size_y	size_z	snr	spacing_tr	spacing_x	spacing_y	spacing_z	summary_bg_k	summary_bg_mad	summary_bg_mean	summary_bg_median	summary_bg_n	summary_bg_p05	summary_bg_p95	summary_bg_stdv	summary_fg_k	summary_fg_mad	summary_fg_mean	summary_fg_median	summary_fg_n	summary_fg_p05	summary_fg_p95	summary_fg_stdv	tsnr
sub-01_ses-second_task-PIT_run-01_bold	0.0020264757709251104	0.04553738303964757	0	69.59588376320089	1.0205495204856514	0.9609293011258281	0.7575113722738893	32.41468048095703	0.28579008365346104	243	53.52422907488987	2.7605129766273677	2.6530111813919066	2.9348889666368954	2.6936387818533007	0.0106704	-0.056515324860811234	0.11943423748016357	454	100	100	26	2.5359363220017688	2.4000000953674316	1.7999999523162842	1.7999999523162842	1.8000000715255737	29.03916872018977	7.021140431685816	107.67567443847656	85.56607818603516	106482.0	79.72907257080078	210.1122100830078	52.4736213684082	2.9153613712274966	163.9418350986027	542.1513671875	509.9669494628906	99571.0	276.30174255371094	929.2642822265625	201.09510803222656	17.13081243383931
sub-01_ses-second_task-hedonic_run-01_bold	0.0009527139364303178	0.036329440097799516	0	71.22487296311269	1.0312881634558826	0.9580090630882356	0.7548257671608146	31.353435516357422	0.2992201188049447	266	65.03667481662592	2.774025940291826	2.6834722933099613	2.960527856204983	2.6780776713605325	0.00906203	-0.05487753450870514	0.12836876511573792	409	100	100	26	2.563501987060409	2.4000000953674316	1.7999999523162842	1.7999999523162842	1.8000000715255737	39.108539558889376	7.264379858159391	111.4605712890625	86.32762908935547	108967.0	80.42372131347656	220.09243316650387	62.95427322387695	3.0764314153330234	161.20851348537815	533.2725219726562	502.6699523925781	96779.0	272.2995269775391	911.0315612792967	196.08619689941406	18.594847323722206
sub-02_ses-second_task-PIT_run-01_bold	0.0008301101321585903	0.017880210066079295	0	52.763554486754984	1.0099533337086097	0.9671201859823393	0.786749507830029	23.327627182006836	0.07610133043090812	18	3.9647577092511015	3.135557490471314	2.849111186586782	3.1860445288458012	3.3715167559813595	0.0113833	-0.06321099400520325	0.12073661386966705	454	100	100	26	2.0819499513957065	2.4000000953674316	1.7999999523162842	1.7999999523162842	1.7999999523162842	15.630992872369411	27.9865714388182	150.26101684570312	113.53524017333984	78524.0	91.95186882019043	343.99172515869134	93.4667739868164	7.499373624534636	207.93496114541068	620.7716674804688	565.1949462890625	127950.0	322.3587890625	1121.9122497558587	271.4727783203125	21.18355785816675
sub-02_ses-second_task-hedonic_run-01_bold	0.0010865365853658538	0.017880014902439026	0	59.75194012364301	1.052704581980439	0.9876431047677264	0.7871923469710147	22.909812927246094	0.2000639168361431	163	39.75609756097561	3.090038970746967	2.81171118559602	3.167877861697882	3.2905278649469976	0.00828182	-0.05450625717639923	0.1214214637875557	410	100	100	26	2.111709987042372	2.4000000953674316	1.7999999523162842	1.7999999523162842	1.7999999523162842	24.42351384166002	28.458730113476864	150.60546875	114.19268035888672	78649.0	92.89268493652344	339.1258544921873	93.60773468017578	7.229377901994205	203.86142467884278	610.4778442382812	557.5878295898438	128153.0	315.9487731933594	1095.6185302734373	264.04461669921875	22.121219052001834
sub-03_ses-second_task-PIT_run-01_bold	0.00925878587196468	0.04024365695364238	1	65.69768233842912	1.0303080468362829	1.0268429796460181	0.7987384981916825	20.556598663330078	0.15689056217983674	85	18.763796909492275	2.899533209164019	2.620983402765682	3.0511109898708533	3.026505234855521	0.00969849	-0.039109714329242706	0.09868893772363663	453	100	100	26	2.228745965831595	2.4000000953674316	1.7999999523162842	1.8000000715255737	1.8000001907348633	22.65454973240258	22.258669793783717	128.66224670410156	105.35761260986328	71579.0	85.56269149780273	256.3584899902343	66.42611694335938	5.143938821598507	179.8989025185892	540.9782104492188	501.8167724609375	128877.0	240.07284545898438	944.4891845703124	225.1556854248047	15.816973819863051
sub-03_ses-second_task-hedonic_run-01_bold	0.004057272727272727	0.027429859680589683	1	66.13489309790643	1.0499583086945818	0.9993448006403947	0.809886739320528	20.565927505493164	0.15694479294693522	84	20.63882063882064	2.7430147016447637	2.5452445118703975	2.949549882795418	2.734249710268475	0.017148	-0.05246436595916748	0.10943733900785446	407	100	100	26	2.251502496024299	2.4000000953674316	1.7999999523162842	1.8000000715255737	1.8000001907348633	23.189806852233808	24.74707789966052	131.52783203125	106.16584777832031	66596.0	85.52763748168945	269.9643783569336	70.1182861328125	5.634424161566233	182.62962251964444	544.4541625976562	508.1732177734375	136434.0	239.73831939697266	942.1370666503905	225.70321655273438	18.360998995194677
sub-04_ses-second_task-PIT_run-01_bold	0.0005881277533039648	0.02445958744493392	0	67.89630360220747	1.0555734458719659	0.9812586826269312	0.8039164751055322	17.79746437072754	0.16100542017203082	116	25.550660792951543	2.5230168487800406	2.347211173290973	2.6413335782333887	2.58050579481576	0.00788694	-0.027999909594655037	0.09820517897605896	454	100	100	26	2.6407730975999213	2.4000000953674316	1.7999999523162842	1.7999998331069946	1.7999998331069946	36.82056593945751	22.98033438683683	132.78089904785156	102.3612289428711	89302.0	84.08149719238281	280.9490097045898	88.67365264892578	1.559343469381015	148.18344035749368	473.1637268066406	449.7676086425781	110494.0	224.19602966308594	783.6660400390624	170.3158721923828	17.79896493803244
sub-04_ses-second_task-hedonic_run-01_bold	0.0008374100719424459	0.0262931757793765	1	68.45143386052884	1.0432289540625002	0.9716491455288457	0.807554268853699	17.472774505615234	0.20963801126603035	162	38.84892086330935	2.5229075889326324	2.373394507317927	2.65038913462856	2.544939124851411	0.00505665	-0.004092528950423002	0.08794195204973221	417	100	100	26	2.6017580299266023	2.4000000953674316	1.7999999523162842	1.7999998331069946	1.7999998331069946	7.855831109543933	25.001572126605694	126.88015747070312	103.23980712890625	82825.0	82.9256591796875	255.8081604003907	60.49293518066406	1.7670918839718928	151.1489841352226	476.9681701660156	451.9940185546875	115232.0	227.61895294189452	793.4554168701171	173.7256317138672	17.8123614997603
sub-05_ses-second_task-PIT_run-01_bold	0.0012967180616740087	0.025383091629955945	0	52.81957737507725	1.0377679854746142	0.9822690444812363	0.7587238421869559	32.994384765625	0.17948872900092885	140	30.837004405286343	2.682425996985948	2.630855625249429	2.918322299531362	2.498100066177052	0.0086336	-0.04564071074128151	0.10056733340024948	454	100	100	26	2.7689908794370988	2.4000000953674316	1.7999999523162842	1.7999999523162842	1.7999999523162842	41.74269536080706	14.460269448122283	120.35879516601562	92.29735565185547	109091.0	78.63876342773438	265.2411804199219	79.64334869384766	3.2751318380602976	164.09209516841645	581.096435546875	548.6519775390625	97397.0	330.05153198242186	950.996435546875	198.14047241210938	20.60933604463935
sub-05_ses-second_task-hedonic_run-01_bold	0.0007703201970443351	0.01717193381773399	1	56.834178679629645	1.0793960800246905	0.9788584126419763	0.7634338657733644	33.00590133666992	0.14235636349307812	83	20.44334975369458	2.6913408120369247	2.5684889569306097	2.8547056311794288	2.650827848000734	0.013371	-0.04130234941840172	0.09731142222881317	406	100	100	26	2.7923482031280957	2.4000000953674316	1.7999999523162842	1.7999999523162842	1.7999999523162842	36.64130633865012	10.464029141376164	118.46049499511719	90.72782897949219	106926.0	82.3497543334961	244.70873641967773	67.53448486328125	3.3484604587927542	161.11426725670543	569.5477905273438	539.44580078125	98469.0	319.5591125488281	928.4615600585934	193.18617248535156	23.97437354939757
sub-06_ses-second_task-PIT_run-01_bold	0.00045859030837004406	0.02308442004405286	0	59.16503389220754	1.0226192697130243	0.9649801502649009	0.7985176930355371	20.7261905670166	0.19759647217713144	198	43.61233480176212	2.750150011769026	2.519138955623281	2.96425007852581	2.7670610011579857	0.00578462	-0.051945846527814865	0.1278735250234604	454	100	100	26	2.8332235681995357	2.4000000953674316	1.7999999523162842	1.7999999523162842	1.8000000715255737	22.5806503600918	23.192603317138314	124.06425476074219	97.34580993652344	93546.0	79.19438171386719	256.09358978271484	72.50988006591797	0.6679930740557056	146.13427487665507	470.21746826171875	456.5946960449219	108583.0	213.43391876220704	752.2352172851562	161.1565704345703	19.45623155735666
sub-06_ses-second_task-hedonic_run-01_bold	0.0020140640394088667	0.02168882192118227	1	62.0098334418024	1.0952754045432103	1.011094060395061	0.7989017788045398	20.02565574645996	0.22569109199384468	185	45.566502463054185	2.739846308669389	2.541200067318812	2.951005633730508	2.7273332249588482	0.00408566	-0.033238716423511505	0.1280708760023117	406	100	100	26	2.8466118105734735	2.4000000953674316	1.7999999523162842	1.7999999523162842	1.8000000715255737	6.643914651192377	27.324065244223828	123.59524536132812	99.97413635253906	92238.0	79.05171966552734	250.56415557861317	60.38217544555664	0.6130542720791334	147.06243960780816	470.794677734375	457.06524658203125	108918.0	215.390877532959	752.7284118652343	160.5639190673828	19.86387981660664
sub-07_ses-second_task-PIT_run-01_bold	0.0026868502202643165	0.04734023215859031	0	71.60989956717448	1.0719951317880798	0.9975099336203094	0.7317158003069874	33.46156311035156	0.2783698052207015	277	61.013215859030836	2.6897316686844785	2.8168611857324493	2.9753502758695274	2.276983544451459	0.00694792	-0.03267129510641098	0.0894971564412117	454	100	100	26	2.6703863856167325	2.4000000953674316	1.7999999523162842	1.7999998331069946	1.7999998331069946	59.71776043714412	9.00010762938196	110.16878509521484	88.60572052001953	125521.0	79.65858459472656	215.39205932617188	63.91234588623047	4.812207415578701	159.37317790214263	563.4849853515625	538.8964233398438	81275.0	291.7400817871094	922.0107543945317	201.8034210205078	16.74553685670253
sub-07_ses-second_task-hedonic_run-01_bold	0.002764338235294118	0.019828492720588235	0	67.21123006002456	1.1072763228501228	1.0257936286977885	0.7287918024270691	33.551048278808594	0.2763592879446686	245	60.049019607843135	2.6905224116819544	2.717955627556791	2.8694947104992203	2.4841168969898524	0.00421115	-0.03179951384663582	0.09444676339626312	408	100	100	26	2.7831844331535445	2.4000000953674316	1.7999999523162842	1.7999998331069946	1.7999998331069946	60.60253882194741	9.404341603707024	111.9030990600586	88.54656982421875	128153.0	79.75245666503906	220.5632385253906	69.82979583740234	3.7990025946727606	154.99550166162473	549.5051879882812	528.1605224609375	78308.0	286.1409317016602	884.8714965820309	189.7672119140625	21.5298503782833
sub-09_ses-second_task-PIT_run-01_bold	0.0038301101321585908	0.03350731872246696	0	71.10612573673284	1.0395907010816785	0.9710183554525385	0.8052319362236042	20.933242797851562	0.22562354341344937	144	31.718061674008812	2.705379764133039	2.5009445106968484	2.8463447083527904	2.7688500733494776	0.0142709	-0.020243339240550995	0.1183854267001152	454	100	100	26	2.5568448164109814	2.4000000953674316	1.7999999523162842	1.7999998331069946	1.7999999523162842	5.2851494288234075	36.54254993682653	137.46060180664062	111.28413391113281	80259.0	82.700439453125	287.3663024902339	70.12420654296875	4.8345710612036985	169.4803733117829	545.856201171875	513.7962646484375	125196.0	297.6453552246094	904.4107513427734	200.9485321044922	17.111841213540174
sub-09_ses-second_task-hedonic_run-01_bold	0.00448731234866828	0.043328872639225184	0	70.86685998237864	1.0276099695145626	0.9801245285679606	0.8041557126921036	21.397371292114258	0.2948908300516889	213	51.573849878934624	2.6849630937312696	2.502583399629153	2.7016502504925164	2.8506556310721405	0.0185965	-0.025875411927700043	0.15031416714191437	413	100	100	26	2.5111551167180806	2.4000000953674316	1.7999999523162842	1.7999998331069946	1.7999999523162842	5.312319469671486	35.912722253350196	138.71868896484375	110.7215576171875	79331.0	83.44552612304688	293.96490478515625	72.48523712158203	6.489642451550324	168.2628188165441	544.6383056640625	513.006103515625	125124.0	296.61815948486327	897.3690368652343	204.29006958007812	16.136329711123835
sub-10_ses-second_task-PIT_run-01_bold	0.010058854625550659	0.09345352334801761	0	60.790922817660096	0.8239972865121418	0.8294422845695358	0.7774207779896143	25.47529411315918	0.20466024268541247	87	19.162995594713657	2.786422423877532	2.5682945124810144	3.0347280591527146	2.7562446999988675	0.188122	-0.030037181451916695	0.09057870507240295	454	100	100	26	2.7184529704265374	2.4000000953674316	1.7999999523162842	1.7999998331069946	1.7999998331069946	12.966198755906857	17.180549066428487	109.98046112060547	88.27091979980469	103548.0	73.28931541442871	213.90076370239254	51.31495666503906	4.02818506233607	149.01134121791284	496.9586486816406	471.72686767578125	101953.0	269.7422790527344	793.7744140624998	173.52684020996094	11.133155814022757
sub-10_ses-second_task-hedonic_run-01_bold	0.004631323529411765	0.10613498431372548	0	68.12635475189187	0.9087098750122857	0.876234144152334	0.7777533297552175	27.001968383789062	0.24299741385136256	252	61.76470588235294	2.829852058415936	2.5283389558669978	3.1614891820169064	2.7997280373639035	0.0184903	-0.0260947123169899	0.09044025838375092	408	100	100	26	2.774414761486706	2.4000000953674316	1.7999999523162842	1.7999998331069946	1.7999998331069946	14.80872049587191	13.292541481604447	108.60468292236328	86.58824157714844	102444.0	75.76017227172852	205.09927520751933	49.86777877807617	3.977749146707252	148.02404071101554	499.9623718261719	476.058837890625	103003.0	272.5115417480469	796.7225830078123	171.5880889892578	13.018600206822157
sub-11_ses-second_task-PIT_run-01_bold	0.0010286563876651983	0.01907314561674009	0	57.62698984876377	1.113333753399558	0.9926316371964681	0.7688710487400804	35.200645446777344	0.14228825939632928	87	19.162995594713657	2.62065377312732	2.451566731611006	2.712666738527794	2.69772784924316	0.00719123	-0.03853536769747734	0.07847362011671066	454	100	100	26	2.8820568204034345	2.4000000953674316	1.7999999523162842	1.7999999523162842	1.7999999523162842	26.85571035538483	13.470774537916954	111.28587341308594	89.83699798583984	99095.0	77.16299438476562	215.52950286865214	59.88166046142578	3.4070332796095313	165.00641479828587	573.2623901367188	550.118896484375	107325.0	311.1211303710938	911.2797119140621	190.8762969970703	23.318529504933394
sub-11_ses-second_task-hedonic_run-01_bold	0.0015992665036674819	0.020072549193154033	1	57.30778223867643	1.0939125390441182	0.9959896158823538	0.7711474538976969	33.85964584350586	0.15797554366814562	88	21.5158924205379	2.56044451227306	2.429411175468529	2.689322293464933	2.5626000678857186	0.00592655	-0.0418691486120224	0.08835440874099731	409	100	100	26	2.8678015060850095	2.4000000953674316	1.7999999523162842	1.7999999523162842	1.7999999523162842	27.208224117363375	12.527814551470565	114.59899139404297	89.88020324707031	99893.0	80.45966339111328	220.56088867187492	63.11430358886719	3.449304996200741	165.71975423239718	568.802001953125	546.2469482421875	106268.0	304.41175384521483	905.5533447265625	190.47496032714844	24.04238181328401
sub-12_ses-second_task-PIT_run-01_bold	0.0021040308370044052	0.01880487511013216	0	54.554757781236205	1.1314136803311252	1.0148304939072847	0.7591046254788406	34.450618743896484	0.10256770781273121	25	5.506607929515418	2.6327778475225725	2.451761176060602	2.7484445172533594	2.6981278492537566	0.00760222	-0.017344782128930092	0.07176733762025833	454	100	100	26	2.85784880077097	2.4000000953674316	1.7999999523162842	1.7999999523162842	1.7999999523162842	11.071359455915976	13.098506459202675	107.95269775390625	85.67180633544922	104596.0	74.13655853271484	227.6189308166504	54.93739700317383	2.1812868840203645	156.29531234684288	544.2448120117188	513.9713134765625	101216.0	318.1018524169922	872.5990753173828	179.84463500976562	23.799955605063587
sub-12_ses-second_task-hedonic_run-01_bold	0.0027368215158924203	0.02797912616136919	0	57.459923828357844	1.1012338247794116	0.9994913528186264	0.7674385416888029	33.188018798828125	0.15127563544510705	98	23.96088019559902	2.6301445141194804	2.4530500649836346	2.7752611846304256	2.6621222927443795	0.00732358	-0.026154538616538048	0.0733904168009758	409	100	100	26	2.879031747652459	2.4000000953674316	1.7999999523162842	1.7999999523162842	1.7999999523162842	11.463108271021287	10.776963495594202	108.84292602539062	85.17359924316406	103275.0	77.0530601501465	223.10367584228464	54.01128005981445	1.8833376797598245	152.76603314609545	536.8800048828125	507.4156799316406	103263.0	313.4242248535156	860.6034545898438	176.24440002441406	22.671826001256704
sub-13_ses-second_task-PIT_run-01_bold	0.0014448458149779733	0.0279365872246696	0	62.21040980026485	1.0818016798675494	0.9937966949448117	0.7661913573651007	30.886686325073242	0.20210473618021718	165	36.34361233480176	2.601805624479866	2.348005617756462	2.914605632766237	2.5428056229169003	0.00588816	-0.03797869384288788	0.08258506655693054	454	100	100	26	2.9596579820428666	2.4000000953674316	1.7999999523162842	1.7999999523162842	1.7999999523162842	35.69682009476405	10.074505587164982	105.0061264038086	85.42070007324219	105486.0	75.87444305419922	196.20924758911133	57.10019302368164	1.0366588831585997	139.92307287006292	506.6208190917969	487.6255187988281	99633.0	259.22731323242186	806.9017211914062	164.75656127929688	20.67424725042656
sub-13_ses-second_task-hedonic_run-01_bold	0.0058283783783783785	0.04303450687960688	0	67.39645476869461	1.045507426970442	0.992886491453202	0.7688578388316083	30.259231567382812	0.3235122595453408	239	58.72235872235872	2.6201630323735796	2.340644506450349	2.928244522016433	2.5916000686539564	0.0101074	-0.038248684257268906	0.08962079882621765	407	100	100	26	2.963250318626255	2.4000000953674316	1.7999999523162842	1.7999999523162842	1.7999999523162842	34.742584920130795	8.16341784437341	105.5782241821289	84.32923889160156	106128.0	77.1891860961914	194.67911376953103	57.285125732421875	1.078114243539022	136.55242414350005	494.4981994628906	477.95330810546875	99175.0	242.42924041748046	783.3324157714843	161.29278564453125	18.35215298156254
sub-14_ses-second_task-PIT_run-01_bold	0.0008304625550660793	0.032550799779735684	0	52.31113907935983	1.0237593133995586	0.9573390307947023	0.7570410380908514	33.454612731933594	0.12995442105950794	86	18.94273127753304	2.454424139094109	2.32950561726638	2.592038957554472	2.441727842461476	0.00510433	-0.04179627075791359	0.09670903533697128	454	100	100	26	3.1854054211797784	2.4000000953674316	1.7999999523162842	1.7999999523162842	1.7999999523162842	33.78023565933664	11.746527794311138	111.22357940673828	84.0506591796875	116807.0	73.09911346435547	244.18500976562493	73.06471252441406	1.8718556314009973	140.0634694363478	515.0971069335938	495.28192138671875	91525.0	300.4118957519531	790.6783813476563	155.48388671875	19.898941374849528
sub-14_ses-second_task-hedonic_run-01_bold	0.0003911302211302211	0.020439238157248154	0	55.237953251748756	1.0587362819704438	0.959022135369457	0.7629321964586022	32.697017669677734	0.09006597201809587	24	5.896805896805897	2.397796359816208	2.2532167263565257	2.506622288625036	2.433550064467061	0.00434413	-0.04537580907344818	0.10356878489255905	407	100	100	26	3.1211494751777002	2.4000000953674316	1.7999999523162842	1.7999999523162842	1.7999999523162842	43.24585429558693	8.527688793506362	110.57544708251953	83.35134887695312	115071.0	76.9041748046875	232.66339111328125	69.8191909790039	1.9944994217734173	140.28992280865066	511.38995361328125	493.0663146972656	92693.0	289.946923828125	788.5306884765624	157.9750213623047	23.243816913396586
sub-15_ses-second_task-PIT_run-01_bold	0.0008970704845814977	0.03155022268722467	0	72.02117020582784	1.1258865075275941	0.9713999641280351	0.7747900861588505	27.44461441040039	0.21512820319902162	187	41.18942731277533	2.6147796418088967	2.438455620152569	2.8198500747005166	2.5860332305736056	0.00895332	-0.03913968428969383	0.09068936854600906	454	100	100	26	2.8894239691869297	2.4000000953674316	1.7999999523162842	1.7999999523162842	1.8000000715255737	44.20500966454284	14.15330183485778	122.72833251953125	92.98898315429688	105717.0	81.60352325439453	266.82774658203124	85.34774780273438	3.9703029402804697	143.93815224232205	521.5996704101562	501.9515075683594	98978.0	269.1714660644531	819.8729705810546	173.71939086914062	19.548859818431083
sub-15_ses-second_task-hedonic_run-01_bold	0.001547837837837838	0.03357007346437346	0	79.07940842009863	1.2244110487684727	0.9779449536945815	0.7766441582543303	27.082012176513672	0.18498712737887466	123	30.22113022113022	2.617416678477955	2.4531389538748782	2.7932445184401544	2.6058665631188327	0.0110626	-0.02784990519285202	0.08324718475341797	407	100	100	26	2.843688429074735	2.4000000953674316	1.7999999523162842	1.7999999523162842	1.8000000715255737	9.75055362872255	15.26680315468131	120.21105194091797	93.60933685302734	104870.0	81.77014846801758	258.6071334838867	62.81809997558594	4.299627252952604	146.59912641452516	525.4918823242188	503.6388244628906	99237.0	274.6943420410156	833.0083374023436	177.10670471191406	19.16926899604732
sub-16_ses-second_task-PIT_run-01_bold	0.0024858810572687224	0.048775480837004406	0	95.52640761642387	1.1624566915452534	0.9767538546578368	0.7802927042535789	23.11639404296875	0.3879668003347741	328	72.2466960352423	2.6631482186974833	2.4612111763109414	2.887383409822872	2.6408500699586357	0.0145017	-0.027281636372208595	0.10531950742006302	454	100	100	26	2.6515134877825544	2.4000000953674316	1.7999999523162842	1.7999999523162842	1.7999999523162842	27.353618467631694	18.96686122730832	127.86180877685547	94.8414077758789	101633.0	78.81409301757813	290.7237731933593	91.8967056274414	1.8229955312568125	155.33850725911284	498.6517639160156	468.9228820800781	101896.0	263.75108337402344	823.0946807861328	176.85015869140625	15.507026311417576
sub-16_ses-second_task-hedonic_run-01_bold	0.0034760837438423645	0.02257037539408867	1	74.13228220064187	1.1836925613827165	1.032479768567902	0.7831020370558884	22.23008918762207	0.2314808451768886	178	43.8423645320197	2.5682315495163834	2.385655618753847	2.7575111841602107	2.5615278456350925	0.0124344	-0.03557354211807251	0.1124679371714592	406	100	100	26	2.696081543872767	2.4000000953674316	1.7999999523162842	1.7999999523162842	1.7999999523162842	41.41138868744493	18.901345846070647	128.90090942382812	95.21674346923828	98834.0	80.82672080993652	277.6825042724604	101.63304901123047	1.5785494463284433	154.08471117521975	491.83367919921875	465.197021484375	103216.0	256.17549896240234	805.6576385498047	172.54476928710938	20.1528377213981
sub-17_ses-second_task-PIT_run-01_bold	0.005889955947136563	0.04854914647577092	0	64.23669479913912	1.0514510531125838	1.0105424505077265	0.7957493723909256	19.635984420776367	0.2317938960857511	212	46.69603524229075	2.5305185262201526	2.2138889475369172	2.689916737925125	2.687749893198415	0.0100312	-0.062113676220178604	0.10068798810243607	454	100	100	26	2.6893424953169496	2.4000000953674316	1.7999999523162842	1.7999999523162842	1.8000000715255737	33.27859724367374	28.084539104028746	137.21490478515625	104.22026062011719	92098.0	82.42510986328125	284.0509887695312	110.02458953857422	3.020336665730871	147.6430289531409	507.5360107421875	476.18060302734375	109199.0	278.9920562744141	822.4702209472655	177.061279296875	16.963566400518175
sub-17_ses-second_task-hedonic_run-01_bold	0.0009555528255528255	0.023527438574938574	0	68.74926412044337	1.063157827019704	0.9932550693842367	0.7964436606036399	18.44217300415039	0.31101028246772106	255	62.65356265356265	2.447633341775463	2.178688946604436	2.6094667357939283	2.554744342928025	0.012907	-0.0581786185503006	0.1035040020942688	407	100	100	26	2.688330725637726	2.4000000953674316	1.7999999523162842	1.7999999523162842	1.8000000715255737	37.950388416878305	30.491703386400786	138.02764892578125	105.92874145507812	92304.0	81.62444534301758	277.9816848754882	106.13409423828125	3.48749746580288	144.214918531708	494.1072998046875	465.78375244140625	108324.0	267.31953277587894	800.8526947021481	173.26052856445312	20.012893091887236
sub-18_ses-second_task-PIT_run-01_bold	0.0025381938325991188	0.027039578193832597	0	71.82535724754962	1.1534027090949224	0.9860874752538629	0.7900734126483989	25.221961975097656	0.28359174632922785	281	61.8942731277533	2.8729297057362757	2.72056118318137	3.008533413032251	2.889694520995207	0.0127209	-0.015277335420250893	0.10278184711933136	454	100	100	26	2.6144070746122696	2.4000000953674316	1.7999999523162842	1.7999999523162842	1.7999999523162842	19.746875548617496	27.74490429100347	152.01531982421875	109.62113952636719	89388.0	87.23567962646484	365.2018676757812	109.07733917236328	2.3376812348089135	190.11595382991808	603.9622802734375	567.0616455078125	112892.0	334.16320037841797	1015.7746368408202	216.89779663085938	19.680737365037203
sub-18_ses-second_task-hedonic_run-01_bold	0.0014038820638820639	0.032823833169533176	0	70.99939955155172	1.0761107182019711	0.9679981242364532	0.7964313723166893	23.646772384643555	0.3245297068846179	291	71.4987714987715	2.7586241471526574	2.6701945151804427	3.018138968842267	2.587538957435262	0.0100821	0.005559615325182676	0.0829169824719429	407	100	100	26	2.5151326016421454	2.4000000953674316	1.7999999523162842	1.7999999523162842	1.7999999523162842	6.598772230895225	26.38084509656051	144.9003448486328	109.79115295410156	83735.0	89.74373168945313	333.8569915771485	82.3985366821289	2.8679595741025308	193.19544822066297	600.230224609375	561.7088623046875	116380.0	323.7560073852539	1023.1511932373044	223.33074951171875	19.441853652591817
sub-20_ses-second_task-PIT_run-01_bold	0.0008301541850220263	0.027234368722466963	0	55.89491540611476	1.0414336039735101	0.9701493168432674	0.7629019365519861	32.615943908691406	0.16806980888182774	135	29.73568281938326	2.478161122312102	2.3143445057536365	2.653733403633261	2.4664054575494085	0.00573887	-0.059325460344552994	0.11858978867530823	454	100	100	26	3.081990949033037	2.4000000953674316	1.7999999523162842	1.7999999523162842	1.8000000715255737	19.699165900049607	14.035731587519315	119.60887145996094	88.80615997314453	115044.0	76.11453247070312	271.9770736694333	80.7685317993164	2.0477750950444076	152.42067478629767	548.7882690429688	527.6982421875	91015.0	316.4889831542969	856.5012756347656	171.21897888183594	21.373232365818694
sub-20_ses-second_task-hedonic_run-01_bold	0.0007442997542997544	0.022692759705159708	0	66.25700104039403	1.1127875372167486	0.9843485785960593	0.7655245641944385	32.244964599609375	0.23844783948410195	239	58.72235872235872	2.4710426035154773	2.289622282876499	2.6530445147261226	2.4704610129438107	0.0109727	-0.04877995699644089	0.11547629535198212	407	100	100	26	3.082349246287842	2.4000000953674316	1.7999999523162842	1.7999999523162842	1.8000000715255737	17.69187669307029	10.709706165338813	115.49247741699219	87.73709869384766	112911.0	78.99877166748047	243.7506103515625	66.5771713256836	2.0146310938685836	149.49877022486965	538.5926513671875	518.7788696289062	91579.0	305.9481506347656	838.8501281738269	168.30540466308594	21.964768195408396
sub-21_ses-second_task-PIT_run-01_bold	0.0020542951541850218	0.04143445925110132	0	60.085146687063975	0.9864105767991164	0.9594737176379691	0.799043631717027	25.755603790283203	0.19804675583388168	144	31.718061674008812	2.5251037705961097	2.2719945046317447	2.758494517519594	2.5448222896369908	0.00634845	-0.07570408284664154	0.13091117143630981	454	100	100	26	2.866586565734151	2.4000000953674316	1.7999999523162842	1.7999999523162842	1.7999999523162842	24.629798726371668	17.06299013044728	131.2114715576172	98.28854370117188	90876.0	84.9096908569336	288.1839065551758	92.12167358398438	0.9745682444954236	161.42727513474566	539.299560546875	518.5264282226562	116411.0	271.44493103027344	862.8964538574219	180.88558959960938	18.09304098918801
sub-21_ses-second_task-hedonic_run-01_bold	0.006568679706601467	0.04243148117359413	0	94.22294799953434	1.0833608903676475	1.009439404999999	0.7917126701276218	26.4809513092041	0.6536322078039574	326	79.70660146699267	2.5520408083467347	2.2533278374705805	2.7294000723044096	2.673394515265213	0.0462998	-0.05866886302828789	0.1307917833328247	409	100	100	26	2.8282942565345626	2.4000000953674316	1.7999999523162842	1.7999999523162842	1.7999999523162842	25.361729792345624	12.509682445786174	127.29979705810547	95.03668212890625	90120.0	84.69927215576172	282.26248321533205	92.4288558959961	1.0279131164137167	158.08381891103076	526.6185302734375	506.86065673828125	113148.0	253.36932907104492	847.5511260986326	179.20993041992188	15.554280710057355
sub-22_ses-second_task-PIT_run-01_bold	0.0018401541850220267	0.04125156762114538	0	69.00913374962475	1.012836664746137	0.9591324492052982	0.7735756193991544	26.022233963012695	0.30457496776827314	278	61.23348017621145	2.670257478145073	2.4455889536748714	2.855961186768245	2.709222293992103	0.0074916	-0.04040240868926048	0.09850814193487167	454	100	100	26	2.916684571906092	2.4000000953674316	1.7999999523162842	1.7999999523162842	1.7999999523162842	21.08373850074014	12.817645458489372	117.24507141113281	88.0110092163086	108772.0	76.6409683227539	278.2176071166988	83.39745330810547	0.9483726148033615	138.40124286458698	479.5728454589844	464.4581298828125	96189.0	231.25858459472656	762.7246215820307	159.24098205566406	17.185461031040177
sub-22_ses-second_task-hedonic_run-01_bold	0.002948697788697789	0.026017668304668305	0	71.93852128633006	1.0932729243349768	1.0133640441133007	0.779331683412241	25.09239387512207	0.3448481732206392	291	71.4987714987715	2.6403204403149756	2.4063167304122905	2.781244518122263	2.7334000724103733	0.0142033	-0.04752862825989723	0.10592193901538849	407	100	100	26	2.8814210059953984	2.4000000953674316	1.7999999523162842	1.7999999523162842	1.7999999523162842	20.588119455947204	14.11932251765509	118.97510528564453	89.02210998535156	108138.0	77.24569702148438	279.7501266479492	84.13888549804688	1.0189085154080333	138.69251031397752	479.7437438964844	463.5048828125	98372.0	230.0696548461914	767.3349884033203	160.8590087890625	19.665952098730486
sub-23_ses-second_task-PIT_run-01_bold	0.0013018502202643172	0.030405174669603522	0	65.29124785818985	1.0219006588520971	0.9717776885430462	0.7915805710429018	26.74083709716797	0.1931190681178975	125	27.53303964757709	2.4896408066936986	2.2522556152199535	2.6131778470033495	2.603488957857793	0.00711296	-0.05208565667271614	0.10711229592561722	454	100	100	26	2.798464152631601	2.4000000953674316	1.7999999523162842	1.7999999523162842	1.7999999523162842	20.12678260711607	16.207387756103543	127.09537506103516	94.71805572509766	91557.0	80.01321411132812	296.540087890625	88.250732421875	1.77966567091081	164.64558250175932	530.8619995117188	504.5165100097656	113518.0	295.1300445556641	854.7752685546875	180.28256225585938	18.756566334923264
sub-23_ses-second_task-hedonic_run-01_bold	0.0007041031941031941	0.035974273710073716	0	68.3828077926109	1.02867237866995	0.9593658198275865	0.782458130819672	28.04994773864746	0.30293673584324743	234	57.4938574938575	2.5118759924679153	2.2508000596258393	2.632116736393948	2.6527111813839586	0.00720898	-0.0033380314707756042	0.11763755232095718	407	100	100	26	2.802009490933466	2.4000000953674316	1.7999999523162842	1.7999999523162842	1.7999999523162842	19.96407962987598	15.499930227766336	120.8195571899414	93.54299926757812	88747.0	78.20466537475586	261.7560119628906	73.21674346923828	1.6102745633109947	164.84932266868836	529.9061279296875	504.18426513671875	111685.0	291.95920410156253	851.6437255859373	179.9358673095703	17.67758657108061
sub-24_ses-second_task-PIT_run-01_bold	0.0005777973568281938	0.03153870330396476	0	67.53954121507726	0.9951581464679911	0.9572024429359823	0.7940808534284013	19.461166381835938	0.19363959435149938	161	35.4625550660793	2.5013093255213277	2.244150059449674	2.703505627173997	2.5562722899403116	0.002847	-0.08443361520767212	0.13020889461040497	454	100	100	26	2.656302615018056	2.4000000953674316	1.7999999523162842	1.7999999523162842	1.7999999523162842	46.32443076859798	17.30137698465722	139.02236938476562	100.93171691894531	97427.0	85.03964233398438	301.6559326171875	130.6237030029297	2.632026078106227	148.70435098193383	484.5421447753906	467.35791015625	106948.0	216.89866638183594	788.3170288085937	175.94219970703125	17.45981041714549
sub-24_ses-second_task-hedonic_run-01_bold	0.0035594376528117356	0.04898713838630807	0	87.83868651301479	1.1199790792156863	1.0041084818137267	0.7958048232857906	18.498022079467773	0.32599073931444655	263	64.30317848410758	2.5191945111803085	2.327033394978666	2.8173834079685056	2.413166730593754	0.0135047	-0.04145333543419838	0.09978300333023071	409	100	100	26	2.555391844585845	2.4000000953674316	1.7999999523162842	1.7999999523162842	1.7999999523162842	47.759758462115336	17.50667246320922	128.8310089111328	101.31663513183594	93190.0	85.38741302490234	256.6418319702149	90.65145874023438	3.4176928303783596	149.5253745371402	480.6673278808594	461.2885437011719	107657.0	212.48655700683594	789.454296875	180.5149383544922	15.542087361391168
sub-25_ses-second_task-PIT_run-01_bold	0.0020291169977924945	0.0406384821192053	1	55.23475938995576	1.0008062571238936	0.9442396073893814	0.7783568382480835	26.494766235351562	0.14309918572114766	88	19.426048565121413	2.562583401218611	2.3607945069841416	2.7114556273846	2.6155000692870902	0.00506977	-0.02979269064962864	0.09654161334037781	453	100	100	26	2.892897574339788	2.4000000953674316	1.7999999523162842	1.7999999523162842	1.7999999523162842	18.518693831682	16.53444433985805	121.7541732788086	92.98233795166016	104127.0	78.07726287841797	274.7278167724609	77.68348693847656	1.8410937404495735	144.7059219275583	518.7562255859375	495.94482421875	99965.0	274.4158935546875	830.8904907226558	171.43446350097656	19.389305384480394
sub-25_ses-second_task-hedonic_run-01_bold	0.0009736363636363637	0.01708795221130221	1	60.5100901281281	1.071393371034483	0.9964876900246307	0.7815066334007208	25.261232376098633	0.29266212749733705	243	59.70515970515971	2.474677843334353	2.291283394031615	2.564116734592563	2.568633401378881	0.00507602	-0.04717518761754036	0.1231323778629303	407	100	100	26	2.9967263579470673	2.4000000953674316	1.7999999523162842	1.7999999523162842	1.7999999523162842	17.46899133473289	20.060663818467248	134.25013732910156	95.52579498291016	111586.0	79.15786361694336	345.3304672241211	99.27713012695312	1.8595700007447986	138.93839659804945	517.4851684570312	491.9385681152344	96731.0	297.62652587890625	821.0921325683594	164.15780639648438	23.52115188539028
sub-26_ses-second_task-PIT_run-01_bold	0.0006510352422907489	0.019305020484581503	0	60.7444893539073	1.0947196791832225	0.9850400411258279	0.7889909681716294	23.51055145263672	0.0971608239831759	44	9.691629955947137	2.45118710197132	2.2636111710763287	2.5464389563464844	2.543511178491147	0.00531332	-0.027768243104219437	0.09143393486738205	454	100	100	26	2.758655751589111	2.4000000953674316	1.7999999523162842	1.7999999523162842	1.7999999523162842	31.948507134728963	16.445785921670744	126.15656280517578	96.68502044677734	97883.0	83.6962501525879	277.3039489746092	76.4041976928711	1.8789406129098039	155.69282421385887	523.4857788085938	493.51318359375	104705.0	291.6435974121094	857.5867553710937	178.89540100097656	21.47278686001664
sub-26_ses-second_task-hedonic_run-01_bold	0.0012599019607843138	0.015211645000000001	1	61.34339168108104	1.0991633838083537	1.0033892145208843	0.7886779240615605	22.735382080078125	0.1688712153913603	117	28.676470588235293	2.4203259900426684	2.2553556153020757	2.525927844692014	2.479694510133916	0.00707621	-0.026824459433555603	0.09340710937976837	408	100	100	26	2.7631949038537567	2.4000000953674316	1.7999999523162842	1.7999999523162842	1.7999999523162842	29.83733354640298	18.490737921930766	127.0405044555664	97.79534912109375	98626.0	81.69608306884766	277.7389678955078	76.84574890136719	1.8946651918783077	153.52201639706897	519.3291625976562	489.8309020996094	103540.0	289.7323593139649	850.0416961669916	177.26890563964844	23.129016414750367
